-- POVOAMENTO DA TABELA DE ENDERECOS -- 
-- povoando a tabela Endereco
INSERT INTO Endereco VALUES ('50740-120', 'Pernambuco', 'Recife', 'Várzea', 'Rua Emetério Maciel');
INSERT INTO Endereco VALUES ('50100-400', 'Pernambuco', 'Recife', 'Santo Amaro', 'Rua Abelardo Luz');
INSERT INTO Endereco VALUES ('50690-665', 'Pernambuco', 'Recife', 'Iputinga', 'Rua Abreulândia');
INSERT INTO Endereco VALUES ('51111-100', 'Pernambuco', 'Recife', 'Boa Viagem', 'Av. Conselheiro Aguiar');
INSERT INTO Endereco VALUES ('53120-120', 'Pernambuco', 'Olinda', 'Carmo', 'Rua da Bertioga');
INSERT INTO Endereco VALUES ('53437-750', 'Pernambuco', 'Paulista', 'Janga', 'Rua Poeta João Neves');
INSERT INTO Endereco VALUES ('54420-331', 'Pernambuco', 'Jaboatão dos Guararapes', 'Candeias', 'Rua Maria Digna Gameiro');
INSERT INTO Endereco VALUES ('54768-190', 'Pernambuco', 'Camaragibe', 'Timbi', 'Rua Indianópolis');
INSERT INTO Endereco VALUES ('54759-580', 'Pernambuco', 'Camaragibe', 'Vila da Fábrica', 'Rua Antônio de Albuquerque');
INSERT INTO Endereco VALUES ('54522-090', 'Pernambuco', 'Cabo de Santo Agostinho', 'Paiva', 'Rua dos Tamarindos');
INSERT INTO Endereco VALUES ('53427-150', 'Pernambuco', 'Paulista', 'Maria Farinha', 'Rua S Freitas');
INSERT INTO Endereco VALUES ('58046-510', 'Paraíba', 'João Pessoa', 'Portal do Sol', 'Rua Hermano Ferreira Soares');
INSERT INTO Endereco VALUES ('59112-590', 'Rio Grande do Norte', 'Natal', 'Potengi', 'Rua Natividade');
INSERT INTO Endereco VALUES ('60110-250', 'Ceará', 'Fortaleza', 'Centro', 'Rua Petencoste');
INSERT INTO Endereco VALUES ('57036-100', 'Alagoas', 'Maceió', 'Jatiúca', 'Rua Deoclécio Barreto');
INSERT INTO Endereco VALUES ('49015-190', 'Sergipe', 'Aracaju', 'Centro', 'Rua Santa Luzia');
INSERT INTO Endereco VALUES ('41760-110', 'Bahia', 'Salvador', 'Costa Azul', 'Rua Prof. Cassilandro Barbuda');
INSERT INTO Endereco VALUES ('44255-000', 'Bahia', 'Irará', 'Vila', 'Rua Alberto Nogueira');
INSERT INTO Endereco VALUES ('65071-390', 'Maranhão', 'São Luís', 'Calhau', 'Av. dos Sambaquis');
INSERT INTO Endereco VALUES ('64014-075', 'Piauí', 'Teresina', 'Piçarra', 'Rua Jarbas Martins');
INSERT INTO Endereco VALUES ('51021-010','Pernambuco','Recife','Boa Viagem','Av. Boa Viagem');
INSERT INTO Endereco VALUES ('53270-040','Pernambuco','Olinda','Bairro Novo','Rua dos Palmares');
INSERT INTO Endereco VALUES ('54400-100','Pernambuco','Jaboatão dos Guararapes','Piedade','Av. Bernardo Vieira de Melo');
INSERT INTO Endereco VALUES ('54759-230','Pernambuco','Camaragibe','São Benedito','Rua Dr. Anthenor Cunha');
INSERT INTO Endereco VALUES ('54505-060','Pernambuco','Cabo de Santo Agostinho','Centro','Rua 15 de Novembro');
INSERT INTO Endereco VALUES ('58400-400','Paraíba','Campina Grande','São José','Rua Almeida Barreto');
INSERT INTO Endereco VALUES ('59614-360','Rio Grande do Norte','Mossoró','Abolição','Av. João da Escóssia');
INSERT INTO Endereco VALUES ('61625-260','Ceará','Caucaia','Iparana','Rua João XXIII');
INSERT INTO Endereco VALUES ('57303-470','Alagoas','Arapiraca','Brasília','Rua Manoel Gomes da Silva');
INSERT INTO Endereco VALUES ('49500-000','Sergipe','Itabaiana','São Cristóvão','Rua São Francisco');
INSERT INTO Endereco VALUES ('44076-015','Bahia','Feira de Santana','Pampalona','Rua Pintassilgo');
INSERT INTO Endereco VALUES ('45075-010','Bahia','Vitória da Conquista','Ibirapuera','Rua dos Pardais');
INSERT INTO Endereco VALUES ('67140-360','Maranhão','São José de Ribamar','São Raimundo','Rua Padre Newton');
INSERT INTO Endereco VALUES ('64202-150','Piauí','Parnaíba','São Vicente','Rua Tutoia');
INSERT INTO Endereco VALUES ('64811-190','Piauí','Floriano','Vila Mocambinho','Rua Treze de Maio');
INSERT INTO Endereco VALUES ('64049-570','Piauí','Teresina','Jóquei','Rua João Goulart');
INSERT INTO Endereco VALUES ('64606-365','Piauí','Picos','Morada Nova','Rua Mário Coelho');
INSERT INTO Endereco VALUES ('64280-380','Piauí','Campo Maior','Santa Cruz','Rua José Pires');
INSERT INTO Endereco VALUES ('64120-000','Piauí','União','São João','Rua 13 de Maio');



-- POVOAMENTO DA TABELA DE PARTICIPANTES --
--povoando a tabela Participante
INSERT INTO Participante VALUES ('34934945482', 'João Matheus', 'joaomatt@gmail.com', '(81) 98611-5078', '50740-120');
INSERT INTO Participante VALUES ('57954819477', 'Victoria Luiza', 'vlpl@gmail.com', '(81) 98366-5861', '54522-090');
INSERT INTO Participante VALUES ('30291986420', 'Maria Oliveria', 'maos3@gmail.com', '(81) 98539-1238', '53120-120');
INSERT INTO Participante VALUES ('76515414480', 'Rodrigo Dollharmen', 'dollshow@gmail.com', '(81) 96744-6827', '50100-400');
INSERT INTO Participante VALUES ('51715625471', 'Joanne Germanotta', 'tiajoanne@outlook.com.br', '(81) 97432-7541', '54768-190');
INSERT INTO Participante VALUES ('94974915495', 'Ikaro Falco', 'ikarusfall@gmail.com', '(81) 98234-8734', '53437-750');
INSERT INTO Participante VALUES ('90533343356', 'Charlie Xavier', 'charlixcx@yahoo.com', '(85) 96841-4194', '60110-250');
INSERT INTO Participante VALUES ('23322076431', 'Gustavo Acir', 'acervoguto@gmail.com', '(84) 98152-3884', '59112-590');
INSERT INTO Participante VALUES ('95501849437', 'Eduarda Bittencourt', 'dudabeat@gmail.com', '(81) 99762-1814', '54522-090');
INSERT INTO Participante VALUES ('28824388426', 'Felipe Moraes', 'felipeyou@hotmail.com', '(81) 98474-0853', '54759-580');
INSERT INTO Participante VALUES ('50998999431', 'Tiago Moraes', 'omoraes@gmail.com', '(81) 97921-2317', '53427-150');
INSERT INTO Participante VALUES ('35326274426', 'Thiago Venâncio', 'ovenancio@hotmail.com', '(81) 99873-8612', '54420-331');
INSERT INTO Participante VALUES ('30706092449', 'João Melo', 'jvmb2@gmail.com', '(81) 98968-3234', '50740-120');
INSERT INTO Participante VALUES ('01382270470', 'Erick Dolfer', 'doutoraerick@outlook.com', '(81) 98719-5664', '51111-100');
INSERT INTO Participante VALUES ('53839259452', 'Ernesto Guimarães', 'ernestyuxui@gmail.com', '(81) 97446-9313', '54768-190');
INSERT INTO Participante VALUES ('08342995429', 'Fernanda dos Santos', 'fernandafmlpwr@hotmail.com', '(81) 98125-1001', '53427-150');
INSERT INTO Participante VALUES ('26918297406', 'Adenilton Cabaral', 'adenys@gmail.com', '(81) 98875-3422', '50690-665');
INSERT INTO Participante VALUES ('96578608494', 'Maria Heloísa', 'helomaria@yahoo.com.br', '(81) 98333-0777', '54420-331');
INSERT INTO Participante Values ('11121530397', 'Paulo Gustavo', 'donaherminia@gmail.com', '(85) 97135-7887', '60110-250');
INSERT INTO Participante VALUES ('16677684415', 'Luan Carvalho', 'murdercasa@outlook.com', '(83) 98271-7352', '58046-510');
INSERT INTO Participante VALUES ('86943630385', 'Clotilde dos Anjos', 'angeldown@gmail.com', '(86) 97478-1145', '64014-075');
INSERT INTO Participante VALUES ('28831620347','Filipe da Cruz', 'cruznapassarela@outlook.com', '(98) 97358-2802', '65071-390');
INSERT INTO Participante VALUES ('51359753575', 'Thomas Riso', 'smileatall@gmail.com', '(75) 99525-7349','44255-000');
INSERT INTO Participante VALUES ('37084430555','Anjolina de Souza', 'upangel@outlook.com.br', '(73) 98571-8718','41760-110');
INSERT INTO Participante VALUES ('89916311501', 'Tarcisio dos Amores', 'tarcylove@gmail.com', '(79) 99579-9245','49015-190');
INSERT INTO Participante VALUES ('76142319452','Paula Borborema','borbopaula@gmail.com','(82) 97321-7358','57036-100');
INSERT INTO Participante VALUES ('12345678901', 'Luciana Silva', 'lucianasilva@gmail.com', '(81) 98765-4321', '50740-120');
INSERT INTO Participante VALUES ('23456789012', 'Henrique Oliveira', 'henrique@gmail.com', '(81) 97654-3210', '54522-090');
INSERT INTO Participante VALUES ('34567890123', 'Amanda Souza', 'amanda_souza@hotmail.com', '(81) 96543-2109', '53120-120');
INSERT INTO Participante VALUES ('45678901234', 'Pedro Santos', 'pedro.santos@yahoo.com.br', '(81) 95432-1098', '50100-400');
INSERT INTO Participante VALUES ('56789012345', 'Laura Costa', 'lauracosta@gmail.com', '(81) 94321-0987', '54768-190');
INSERT INTO Participante VALUES ('67890123456', 'Carlos Lima', 'carloslima@gmail.com', '(83) 98765-4321', '58046-510');
INSERT INTO Participante VALUES ('78901234567', 'Ana Oliveira', 'ana.oliveira@hotmail.com', '(83) 97654-3210', '59112-590');
INSERT INTO Participante VALUES ('89012345678', 'Gabriel Rodrigues', 'gabrielr@yahoo.com.br', '(83) 96543-2109', '60110-250');
INSERT INTO Participante VALUES ('90123456789', 'Mariana Alves', 'mariana_alves@gmail.com', '(83) 95432-1098', '57036-100');
INSERT INTO Participante VALUES ('01234567890', 'José Pereira', 'josepereira@yahoo.com.br', '(83) 94321-0987', '49015-190');
INSERT INTO Participante VALUES ('11223344556', 'Raquel Nunes', 'raquel_nunes@gmail.com', '(84) 98765-4321', '59112-590');
INSERT INTO Participante VALUES ('22446688112', 'Lucas Costa', 'lucas_c@hotmail.com', '(84) 97654-3210', '58046-510');
INSERT INTO Participante VALUES ('33669944778', 'Lívia Fernandes', 'liviaf@yahoo.com.br', '(84) 96543-2109', '59112-590');
INSERT INTO Participante VALUES ('44882200534', 'Felipe Mendes', 'felipem@gmail.com', '(84) 95432-1098', '59112-590');
INSERT INTO Participante VALUES ('55005533201', 'Juliana Oliveira', 'juliana.o@gmail.com', '(84) 94321-0987', '58046-510');
INSERT INTO Participante VALUES ('66112233445', 'Lucas Lima', 'lucas_lima@gmail.com', '(85) 98765-4321', '60110-250');
INSERT INTO Participante VALUES ('77223344556', 'Carla Mendonça', 'carla_mendonca@hotmail.com', '(85) 97654-3210', '53270-040');
INSERT INTO Participante VALUES ('88334455667', 'Ricardo Santos', 'ricardo.santos@yahoo.com.br', '(85) 96543-2109', '54400-100');
INSERT INTO Participante VALUES ('99445566778', 'Aline Rocha', 'aline_r@yahoo.com.br', '(85) 95432-1098', '54759-230');
INSERT INTO Participante VALUES ('10556677889', 'Roberto Almeida', 'roberto.almeida@gmail.com', '(85) 94321-0987', '54505-060');
INSERT INTO Participante VALUES ('11667788990', 'Fernando Oliveira', 'fernando_o@hotmail.com', '(82) 98765-4321', '57036-100');
INSERT INTO Participante VALUES ('22778899011', 'Mariana Santos', 'mariana.s@hotmail.com', '(82) 97654-3210', '57303-470');
INSERT INTO Participante VALUES ('33889901122', 'Eduardo Lima', 'eduardo.l@yahoo.com.br', '(82) 96543-2109', '41760-110');
INSERT INTO Participante VALUES ('44990011233', 'Camila Alves', 'camila_alves@gmail.com', '(82) 95432-1098', '49500-000');



-- POVOAMENTO DAS ESPECIALIZACOES DE CADA PARTICIPANTE DO EVENTO -- 

--POVOAMENTO DA TABELA ORGANIZADOR
--Alocacao dos tres supervisores
INSERT INTO Organizador VALUES ('96578608494', 'Supervisor', 'Tecnologia', NULL);
INSERT INTO Organizador VALUES ('50998999431', 'Supervisor', 'Comunicação', NULL);
INSERT INTO Organizador VALUES ('23322076431', 'Supervisor', 'Infraestrutura', NULL);
--supervisionados por 96578608494 (Maria Heloísa)
INSERT INTO Organizador VALUES ('28824388426', 'Desenvolvedor Full Stack', 'Tecnologia', '96578608494');
INSERT INTO Organizador VALUES ('51715625471', 'Gerente de Banco de Dados', 'Tecnologia', '96578608494');
INSERT INTO Organizador VALUES ('51359753575', 'Designer UX/UI', 'Tecnologia', '96578608494');
INSERT INTO Organizador VALUES ('22778899011', 'Gerente de QA', 'Tecnologia', '96578608494');
--supervisionados por 50998999431 (Tiago Moraes)
INSERT INTO Organizador VALUES ('95501849437', 'Jornalista', 'Comunicação', '50998999431');
INSERT INTO Organizador VALUES ('53839259452', 'Publicitário', 'Comunicação', '50998999431');
INSERT INTO Organizador VALUES ('94974915495', 'Gerente de parcerias', 'Comunicação', '50998999431');
INSERT INTO Organizador VALUES ('67890123456', 'Social Media', 'Comunicação', '50998999431');
--supervisionados por 23322076431 (Gustavo Acir)
INSERT INTO Organizador VALUES ('34934945482', 'Vistoria de palco', 'Infraestrutura', '23322076431');
INSERT INTO Organizador VALUES ('57954819477', 'Gerência de estande', 'Infraestrutura', '23322076431');
INSERT INTO Organizador VALUES ('86943630385', 'Alocação de atividades', 'Infraestrutura', '23322076431');
INSERT INTO Organizador VALUES ('76142319452', 'Direcionamento de produtos', 'Infraestrutura', '23322076431');



-- POVOAMENTO PALESTRANTE --
INSERT INTO Palestrante VALUES ('23456789012', 'Tempest');
INSERT INTO Palestrante VALUES ('33889901122', 'NeuroTech');
INSERT INTO Palestrante VALUES ('44990011233', 'Avanade');
INSERT INTO Palestrante VALUES ('11223344556', 'Visagio');
INSERT INTO Palestrante VALUES ('56789012345', 'Insole');
INSERT INTO Palestrante VALUES ('26918297406', 'Cesar');
INSERT INTO Palestrante VALUES ('44882200534', 'Cesar');
INSERT INTO Palestrante VALUES ('16677684415', 'Loomi');
INSERT INTO Palestrante VALUES ('10556677889', 'CIn - UFPE');
INSERT INTO Palestrante VALUES ('99445566778', 'Liferay');



-- POVOAMENTO OUVINTE --
INSERT INTO Ouvinte VALUES ('30706092449', 387462938472981);
INSERT INTO Ouvinte VALUES ('11121530397', 129837465019283);
INSERT INTO Ouvinte VALUES ('11667788990', 948572610374584);
INSERT INTO Ouvinte VALUES ('90533343356', 765193847562137);
INSERT INTO Ouvinte VALUES ('30291986420', 312947856109438);
INSERT INTO Ouvinte VALUES ('34934945482', 674859321047659); 
INSERT INTO Ouvinte VALUES ('76142319452', 509387462813579); 
INSERT INTO Ouvinte VALUES ('37084430555', 283746591074286); 
INSERT INTO Ouvinte VALUES ('12345678901', 194857263948573); 
INSERT INTO Ouvinte VALUES ('67890123456', 938472819283746); 
INSERT INTO Ouvinte VALUES ('90123456789', 837465019283745); 
INSERT INTO Ouvinte VALUES ('50998999431', 572610374584937); 
INSERT INTO Ouvinte VALUES ('89012345678', 193847562137465); 
INSERT INTO Ouvinte VALUES ('28824388426', 947856109438572); 
INSERT INTO Ouvinte VALUES ('51359753575', 859321047659387); 
INSERT INTO Ouvinte VALUES ('89916311501', 387462813579462); 
INSERT INTO Ouvinte VALUES ('26918297406', 746591074286938); 
INSERT INTO Ouvinte VALUES ('53839259452', 857263948573194); 
INSERT INTO Ouvinte VALUES ('77223344556', 472938472981837); 
INSERT INTO Ouvinte VALUES ('28831620347', 746501928374657); 
INSERT INTO Ouvinte VALUES ('08342995429', 847562137465193); 
INSERT INTO Ouvinte VALUES ('88334455667', 856109438572947); 
INSERT INTO Ouvinte VALUES ('56789012345', 321047659387859); 
INSERT INTO Ouvinte VALUES ('78901234567', 462813579462387);
INSERT INTO Ouvinte VALUES ('33889901122', 591074286938746);
INSERT INTO Ouvinte VALUES ('01382270470', 938472938472938);
INSERT INTO Ouvinte VALUES ('22778899011', 472938472981837);



-- POVOAMENTO DA TABELA PRODUTO --

-- Produtos gerais
INSERT INTO Produto VALUES (38746293, 'Camiseta C''In''Play', 29.99, 'Vestuário', 100);
INSERT INTO Produto VALUES (12983746, 'Boné C''In''Play', 19.99, 'Acessórios', 75);
-- Produtos de estandes de Tecnologia
INSERT INTO Produto VALUES (94857261, 'Fone de Ouvido Bluetooth', 39.99, 'Áudio', 50);
INSERT INTO Produto VALUES (76519384, 'Fone de Ouvido com Fio', 19.99, 'Áudio', 30);
INSERT INTO Produto VALUES (31294785, 'Power Bank 10000mAh', 29.99, 'Utilitários', 40);
INSERT INTO Produto VALUES (67485932, 'Mouse sem Fio', 24.99, 'Periféricos', 25);
INSERT INTO Produto VALUES (50938746, 'Teclado Mecânico', 59.99, 'Periféricos', 20);
-- Produtos de Cultura pop
INSERT INTO Produto VALUES (28374659, 'Quadrinho Marvel: Homem-Aranha #1', 12.99, 'Quadrinhos', 50);
INSERT INTO Produto VALUES (19485726, 'Mangá Naruto Vol. 1', 9.99, 'Mangás', 40);
INSERT INTO Produto VALUES (93847281, 'Blu-ray Avengers: Endgame', 24.99, 'Filmes', 30);
INSERT INTO Produto VALUES (83746501, 'DVD Stranger Things - Temporada 1', 19.99, 'Séries', 25);
INSERT INTO Produto VALUES (57261037, 'Action Figure Star Wars: Darth Vader', 34.99, 'Colecionáveis', 20);
INSERT INTO Produto VALUES (19384756, 'Caneca com Logo do Batman', 12.99, 'Acessórios', 35);
-- Produtos de Arte e Design
INSERT INTO Produto VALUES (94785610, 'Pintura em Aquarela "Amanhecer"', 49.99, 'Arte', 15);
INSERT INTO Produto VALUES (85932104, 'Escultura Abstrata em Madeira', 79.99, 'Design', 10);
INSERT INTO Produto VALUES (38746281, 'Poster Starry Night - Versão Star Wars', 14.99, 'Arte', 30);
INSERT INTO Produto VALUES (74659107, 'Print Canvas Batman: O Cavaleiro das Trevas', 39.99, 'Design', 20);
INSERT INTO Produto VALUES (85726394, 'Curso Online de Design Gráfico', 59.99, 'Curso', 25);
-- Produtos de Educação e conhecimento
INSERT INTO Produto VALUES (47293847, 'Livro: "A Era da Informação"', 29.99, 'Livro', 60);
INSERT INTO Produto VALUES (74650192, 'Livro: "Design de Jogos: Teoria e Prática"', 39.99, 'Livro', 45);
INSERT INTO Produto VALUES (61037458, 'Livro: "Introdução à Animação Digital"', 27.99, 'Livro', 55);
INSERT INTO Produto VALUES (84756213, 'Livro: "Desenvolvimento Web Moderno"', 34.99, 'Livro', 50);
INSERT INTO Produto VALUES (85610943, 'Enciclopédia de Tecnologia e Inovação', 49.99, 'Livro', 30);
INSERT INTO Produto VALUES (32104765, 'Dicionário de Termos de Tecnologia', 19.99, 'Livro', 70);



-- POVOAMENTO DA TABELA ESTANDE --
-- Estandes gerais do C'In'Play
INSERT INTO Estande VALUES (696137, 'Geral', 'Estande do C''In''Play');

-- Estandes de Tecnologia e Entretenimento
INSERT INTO Estande VALUES (387462, 'Tecnologia e Entretenimento', 'Mundo da Tecnologia');
INSERT INTO Estande VALUES (129837, 'Tecnologia e Entretenimento', 'Inovação Digital');
INSERT INTO Estande VALUES (948572, 'Tecnologia e Entretenimento', 'EntretenTech');
INSERT INTO Estande VALUES (765193, 'Tecnologia e Entretenimento', 'Futuro Interativo');
INSERT INTO Estande VALUES (312947, 'Tecnologia e Entretenimento', 'Realidade Virtual Inc.');
INSERT INTO Estande VALUES (674859, 'Tecnologia e Entretenimento', 'Jogos Eletrônicos Express');
INSERT INTO Estande VALUES (509387, 'Tecnologia e Entretenimento', 'Espaço Gadget');
INSERT INTO Estande VALUES (283746, 'Tecnologia e Entretenimento', 'Cinema 4D Zone');
INSERT INTO Estande VALUES (194857, 'Tecnologia e Entretenimento', 'Robótica Inovadora');
INSERT INTO Estande VALUES (938472, 'Tecnologia e Entretenimento', 'Inovação em Entretenimento');
INSERT INTO Estande VALUES (837465, 'Tecnologia e Entretenimento', 'Fábrica de Ideias Tech');
INSERT INTO Estande VALUES (572610, 'Tecnologia e Entretenimento', 'Mundo Geek & Tech');

-- Estandes de Cultura Pop
INSERT INTO Estande VALUES (193847, 'Cultura Pop', 'Universo dos Quadrinhos');
INSERT INTO Estande VALUES (947856, 'Cultura Pop', 'Mundo dos Mangás');
INSERT INTO Estande VALUES (859321, 'Cultura Pop', 'Heróis em Ação');
INSERT INTO Estande VALUES (746591, 'Cultura Pop', 'Aventuras em Quadrinhos');
INSERT INTO Estande VALUES (857263, 'Cultura Pop', 'Mangá Mania');
INSERT INTO Estande VALUES (472938, 'Cultura Pop', 'Superpoderes Ilustrados');
INSERT INTO Estande VALUES (746501, 'Cultura Pop', 'Comics & More');
INSERT INTO Estande VALUES (610374, 'Cultura Pop', 'Aventuras Mangá');
INSERT INTO Estande VALUES (847562, 'Cultura Pop', 'Fantasia em Quadrinhos');
INSERT INTO Estande VALUES (856109, 'Cultura Pop', 'Mangá Express');
INSERT INTO Estande VALUES (321047, 'Cultura Pop', 'Universo Pop em HQ');
INSERT INTO Estande VALUES (462813, 'Cultura Pop', 'Mundo Geek em Quadrinhos');

-- Estandes de Arte e Design
INSERT INTO Estande VALUES (591074, 'Arte e Design', 'Estúdio de Arte Moderna');
INSERT INTO Estande VALUES (263948, 'Arte e Design', 'Design Contemporâneo');
INSERT INTO Estande VALUES (293847, 'Arte e Design', 'Pinturas e Esculturas');
INSERT INTO Estande VALUES (465019, 'Arte e Design', 'Expressões Artísticas');
INSERT INTO Estande VALUES (761037, 'Arte e Design', 'Criações Visuais');
INSERT INTO Estande VALUES (819283, 'Arte e Design', 'Design Inovador');
INSERT INTO Estande VALUES (374584, 'Arte e Design', 'Galeria de Arte');
INSERT INTO Estande VALUES (562137, 'Arte e Design', 'Criações Abstratas');
INSERT INTO Estande VALUES (109438, 'Arte e Design', 'Design Inspirador');
INSERT INTO Estande VALUES (321047, 'Arte e Design', 'Arte Contemporânea');
INSERT INTO Estande VALUES (813579, 'Arte e Design', 'Paisagens Criativas');
INSERT INTO Estande VALUES (742869, 'Arte e Design', 'Estilo Artístico');

-- Estandes de Educação e Conhecimento
INSERT INTO Estande VALUES (019283, 'Educação e Conhecimento', 'Centro de Aprendizagem');
INSERT INTO Estande VALUES (584937, 'Educação e Conhecimento', 'Sala de Conhecimento');
INSERT INTO Estande VALUES (137465, 'Educação e Conhecimento', 'Instituto Educacional');
INSERT INTO Estande VALUES (438572, 'Educação e Conhecimento', 'Universidade do Saber');
INSERT INTO Estande VALUES (659387, 'Educação e Conhecimento', 'Espaço do Conhecimento');
INSERT INTO Estande VALUES (579462, 'Educação e Conhecimento', 'Aprender é Viver');
INSERT INTO Estande VALUES (286938, 'Educação e Conhecimento', 'Cursos Inovadores');
INSERT INTO Estande VALUES (573194, 'Educação e Conhecimento', 'Conhecimento em Ação');
INSERT INTO Estande VALUES (981837, 'Educação e Conhecimento', 'Escola do Futuro');
INSERT INTO Estande VALUES (374657, 'Educação e Conhecimento', 'Saber e Crescer');
INSERT INTO Estande VALUES (937261, 'Educação e Conhecimento', 'Descobertas Educativas');
INSERT INTO Estande VALUES (465193, 'Educação e Conhecimento', 'Rumo ao Saber');

-- Estandes de Atividades Interativas
INSERT INTO Estande VALUES (438572, 'Atividades Interativas', 'Zona Interativa');
INSERT INTO Estande VALUES (387859, 'Atividades Interativas', 'Experiências em Ação');
INSERT INTO Estande VALUES (579462, 'Atividades Interativas', 'Tech Playground');
INSERT INTO Estande VALUES (948573, 'Atividades Interativas', 'Jogos do Futuro');
INSERT INTO Estande VALUES (194857, 'Atividades Interativas', 'Mundo Interativo');
INSERT INTO Estande VALUES (837465, 'Atividades Interativas', 'Inovações Lúdicas');
INSERT INTO Estande VALUES (572610, 'Atividades Interativas', 'Aventuras Virtuais');
INSERT INTO Estande VALUES (610374, 'Atividades Interativas', 'Zona dos Drones');



-- POVOAMENTO DA TABELA ATIVIDADE --
-- Atividades de Tecnologia e Entretenimento
INSERT INTO Atividade VALUES (3874629, 'Oficina de Realidade Virtual', 'Tecnologia e Entretenimento', 20);
INSERT INTO Atividade VALUES (1298374, 'Competição de Jogos Eletrônicos', 'Tecnologia e Entretenimento', 25);
INSERT INTO Atividade VALUES (9485726, 'Apresentação de Inovações em Tech', 'Tecnologia e Entretenimento', 20);
INSERT INTO Atividade VALUES (7651938, 'Simulador de Voo 4D', 'Tecnologia e Entretenimento', 14);
INSERT INTO Atividade VALUES (3129478, 'Experiência de Realidade Aumentada', 'Tecnologia e Entretenimento', 10);
INSERT INTO Atividade VALUES (6748593, 'Quiz Geek: Teste Seu Conhecimento', 'Tecnologia e Entretenimento', 18);

-- Atividades de Cultura Pop
INSERT INTO Atividade VALUES (5093874, 'Desfile Cosplay', 'Cultura Pop', 23);
INSERT INTO Atividade VALUES (2837465, 'Quiz de Quadrinhos e Mangás', 'Cultura Pop', 12);
INSERT INTO Atividade VALUES (1948572, 'Sessão de Autógrafos com Artista', 'Cultura Pop', 19);
INSERT INTO Atividade VALUES (9384728, 'Workshop de Desenho Mangá', 'Cultura Pop', 21);
INSERT INTO Atividade VALUES (8374650, 'Leitura Dramática de Quadrinhos', 'Cultura Pop', 20);
INSERT INTO Atividade VALUES (5726103, 'Concurso de Fanart', 'Cultura Pop', 17);

-- Atividades de Arte e Design
INSERT INTO Atividade VALUES (1938475, 'Live Painting: Criação ao Vivo', 'Arte e Design', 15);
INSERT INTO Atividade VALUES (9478561, 'Workshop de Escultura', 'Arte e Design', 20);
INSERT INTO Atividade VALUES (8593210, 'Exposição de Arte Contemporânea', 'Arte e Design', 27);
INSERT INTO Atividade VALUES (3874628, 'Palestra sobre Design Inovador', 'Arte e Design', 21);
INSERT INTO Atividade VALUES (7465910, 'Concurso de Pintura Rápida', 'Arte e Design', 25);
INSERT INTO Atividade VALUES (8572639, 'Experiência em Realidade Virtual Artística', 'Arte e Design', 10);

-- Atividades de Educação e Conhecimento
INSERT INTO Atividade VALUES (4729384, 'Palestra: Inovações na Educação', 'Educação e Conhecimento', 20);
INSERT INTO Atividade VALUES (7465019, 'Workshop de Desenvolvimento Pessoal', 'Educação e Conhecimento', 23);
INSERT INTO Atividade VALUES (6103745, 'Demonstração de Experimentos Científicos', 'Educação e Conhecimento', 21);
INSERT INTO Atividade VALUES (8475621, 'Curso Rápido de Programação', 'Educação e Conhecimento', 23);
INSERT INTO Atividade VALUES (8561094, 'Sessão de Contação de Histórias', 'Educação e Conhecimento', 15);
INSERT INTO Atividade VALUES (3210476, 'Espaço de Debate: Tendências Educacionais', 'Educação e Conhecimento', 13);

-- Atividades de Atividades Interativas
INSERT INTO Atividade VALUES (4628135, 'Labirinto Virtual', 'Atividades Interativas', 15);
INSERT INTO Atividade VALUES (5910742, 'Caça ao Tesouro Interativa', 'Atividades Interativas', 23);
INSERT INTO Atividade VALUES (2639485, 'Jogo de Realidade Alternativa', 'Atividades Interativas', 25);
INSERT INTO Atividade VALUES (2938476, 'Estúdio de Fotografia Interativa', 'Atividades Interativas', 20);
INSERT INTO Atividade VALUES (4650192, 'Simulação de Ambiente Espacial', 'Atividades Interativas', 10);
INSERT INTO Atividade VALUES (7610374, 'Experiência de Jogo em Grupo', 'Atividades Interativas', 25);



-- POVOAMENTO LOCALEVENTO -- 
-- a primary key eh uma referencia a geolocalizacao real do local do evento
INSERT INTO LocalEvento VALUES ('-8.060039281442343, -34.87009954648337', 'Cais do Sertão');
INSERT INTO LocalEvento VALUES ('-8.062465105915596, -34.87086439802587', 'Centro de Artesanato');
INSERT INTO LocalEvento VALUES ('-8.058430611618816, -34.87028979438143', 'Moinho');
INSERT INTO LocalEvento VALUES ('-8.059687951354022, -34.87248273033102', 'Cesar School');
INSERT INTO LocalEvento VALUES ('-8.060453026527536, -34.87198721705985', 'Apolo 235');
INSERT INTO LocalEvento VALUES ('-8.061366617867543, -34.87163863051441', 'Paço do Frevo');
INSERT INTO LocalEvento VALUES ('-8.061664249917577, -34.87186672923007', 'SOFTEX Recife');
INSERT INTO LocalEvento VALUES ('-8.062657803028308, -34.87320498880049', 'ETE Porto Digital');
INSERT INTO LocalEvento VALUES ('-8.06496555883409, -34.87370051960102', 'Babylon Station');
INSERT INTO LocalEvento VALUES ('-8.065279371367714, -34.873522732390576', 'Livraria Jaqueira');
INSERT INTO LocalEvento VALUES ('-8.064273627791707, -34.87227855868209', 'Insole');
INSERT INTO LocalEvento VALUES ('-8.063102220491071, -34.87392490573505', 'Cinema do Porto Digital'); 
INSERT INTO LocalEvento VALUES ('-8.063834721071009, -34.871483925535266', 'Accenture - Armazém 12');
INSERT INTO LocalEvento VALUES ('-8.062996717593679, -34.873333734247254', 'TI Saúde');
INSERT INTO LocalEvento VALUES ('-8.06151938006917, -34.87244781564648', 'Teatro Apolo');



-- POVOAMENTO DA TABELA CUPOM --
INSERT INTO Cupom VALUES ('387462938472981');
INSERT INTO Cupom VALUES ('129837465019283');
INSERT INTO Cupom VALUES ('948572610374584');
INSERT INTO Cupom VALUES ('765193847562137');
INSERT INTO Cupom VALUES ('312947856109438');
INSERT INTO Cupom VALUES ('674859321047659');
INSERT INTO Cupom VALUES ('509387462813579');
INSERT INTO Cupom VALUES ('283746591074286');
INSERT INTO Cupom VALUES ('194857263948573');
INSERT INTO Cupom VALUES ('938472819283746');
INSERT INTO Cupom VALUES ('837465019283745');
INSERT INTO Cupom VALUES ('572610374584937');
INSERT INTO Cupom VALUES ('193847562137465');
INSERT INTO Cupom VALUES ('947856109438572');
INSERT INTO Cupom VALUES ('859321047659387');
INSERT INTO Cupom VALUES ('387462813579462');
INSERT INTO Cupom VALUES ('746591074286938');
INSERT INTO Cupom VALUES ('857263948573194');
INSERT INTO Cupom VALUES ('472938472981837');
INSERT INTO Cupom VALUES ('746501928374657');
INSERT INTO Cupom VALUES ('610374584937261');
INSERT INTO Cupom VALUES ('847562137465193');
INSERT INTO Cupom VALUES ('856109438572947');
INSERT INTO Cupom VALUES ('321047659387859');
INSERT INTO Cupom VALUES ('462813579462387');
INSERT INTO Cupom VALUES ('591074286938746');
INSERT INTO Cupom VALUES ('263948573194857');
INSERT INTO Cupom VALUES ('293847629837465');
INSERT INTO Cupom VALUES ('465019283746591');
INSERT INTO Cupom VALUES ('761037494857263');




-- POVOAMENTO DA TABELA COMPRA --
-- Compras relacionadas ao estande de Tecnologia e Entretenimento
INSERT INTO Compra VALUES ('34934945482', 94857261, 387462);
INSERT INTO Compra VALUES ('57954819477', 76519384, 129837);
INSERT INTO Compra VALUES ('30291986420', 31294785, 674859);
INSERT INTO Compra VALUES ('28831620347', 50938746, 312947);
INSERT INTO Compra VALUES ('51359753575', 76519384, 674859);
INSERT INTO Compra VALUES ('37084430555', 94857261, 283746);

-- Compras relacionadas ao estande de Cultura Pop
INSERT INTO Compra VALUES ('76515414480', 28374659, 193847);
INSERT INTO Compra VALUES ('51715625471', 19485726, 947856);
INSERT INTO Compra VALUES ('94974915495', 57261037, 746591);
INSERT INTO Compra VALUES ('89916311501', 57261037, 193847);
INSERT INTO Compra VALUES ('76142319452', 28374659, 746501);
INSERT INTO Compra VALUES ('86943630385', 74659107, 819283);

-- Compras relacionadas ao estande de Arte e Design
INSERT INTO Compra VALUES ('90533343356', 94785610, 591074);
INSERT INTO Compra VALUES ('23322076431', 85932104, 263948);
INSERT INTO Compra VALUES ('95501849437', 38746281, 819283);
INSERT INTO Compra VALUES ('28831620347', 74659107, 819283);
INSERT INTO Compra VALUES ('51359753575', 85726394, 109438);
INSERT INTO Compra VALUES ('37084430555', 85932104, 263948);

-- Compras relacionadas ao estande de Educação e Conhecimento
INSERT INTO Compra VALUES ('28824388426', 47293847, 019283);
INSERT INTO Compra VALUES ('50998999431', 74650192, 584937);
INSERT INTO Compra VALUES ('35326274426', 61037458, 137465);
INSERT INTO Compra VALUES ('89916311501', 61037458, 137465);
INSERT INTO Compra VALUES ('76142319452', 74650192, 438572);
INSERT INTO Compra VALUES ('86943630385', 47293847, 019283);

-- Compras relacionadas ao estande de Atividades Interativas
INSERT INTO Compra VALUES ('86943630385', 12983746, 438572);
INSERT INTO Compra VALUES ('89916311501', 38746293, 194857);
INSERT INTO Compra VALUES ('76142319452', 12983746, 948573);
INSERT INTO Compra VALUES ('28831620347', 38746293, 579462);
INSERT INTO Compra VALUES ('51359753575', 12983746, 572610);
INSERT INTO Compra VALUES ('37084430555', 38746293, 572610);




-- POVOANDO TABELA RESERVA entre os dias 18 e 21 de outobro de 2024
--apenas SUPERVISORES reservam salas para o evento
INSERT INTO Reserva VALUES ('96578608494', '-8.060453026527536, -34.87198721705985', 6748593, TO_TIMESTAMP('2024-10-18 16:00:00', 'YYYY-MM-DD HH24:MI:SS'));
INSERT INTO Reserva VALUES ('23322076431', '-8.058430611618816, -34.87028979438143', 9384728, TO_TIMESTAMP('2024-10-20 14:30:00', 'YYYY-MM-DD HH24:MI:SS'));
INSERT INTO Reserva VALUES ('50998999431', '-8.06496555883409, -34.87370051960102', 8572639, TO_TIMESTAMP('2024-10-21 20:15:00', 'YYYY-MM-DD HH24:MI:SS'));
INSERT INTO Reserva VALUES ('23322076431', '-8.059687951354022, -34.87248273033102', 1938475, TO_TIMESTAMP('2024-10-19 16:45:00', 'YYYY-MM-DD HH24:MI:SS'));
INSERT INTO Reserva VALUES ('96578608494', '-8.064273627791707, -34.87227855868209', 3129478, TO_TIMESTAMP('2024-10-18 12:00:00', 'YYYY-MM-DD HH24:MI:SS'));
INSERT INTO Reserva VALUES ('23322076431', '-8.063834721071009, -34.871483925535266', 2639485, TO_TIMESTAMP('2024-10-20 17:30:00', 'YYYY-MM-DD HH24:MI:SS'));
INSERT INTO Reserva VALUES ('50998999431', '-8.062657803028308, -34.87320498880049', 4729384, TO_TIMESTAMP('2024-10-19 11:00:00', 'YYYY-MM-DD HH24:MI:SS'));
INSERT INTO Reserva VALUES ('96578608494', '-8.061366617867543, -34.87163863051441', 8561094, TO_TIMESTAMP('2024-10-21 15:45:00', 'YYYY-MM-DD HH24:MI:SS'));
INSERT INTO Reserva VALUES ('23322076431', '-8.063102220491071, -34.87392490573505', 7610374, TO_TIMESTAMP('2024-10-18 19:30:00', 'YYYY-MM-DD HH24:MI:SS'));
INSERT INTO Reserva VALUES ('96578608494', '-8.065279371367714, -34.873522732390576', 1948572, TO_TIMESTAMP('2024-10-19 14:00:00', 'YYYY-MM-DD HH24:MI:SS'));
INSERT INTO Reserva VALUES ('23322076431', '-8.061664249917577, -34.87186672923007', 8475621, TO_TIMESTAMP('2024-10-21 16:00:00', 'YYYY-MM-DD HH24:MI:SS'));
INSERT INTO Reserva VALUES ('23322076431', '-8.06151938006917, -34.87244781564648', 2938476, TO_TIMESTAMP('2024-10-20 13:45:00', 'YYYY-MM-DD HH24:MI:SS'));
INSERT INTO Reserva VALUES ('50998999431', '-8.062996717593679, -34.873333734247254', 4650192, TO_TIMESTAMP('2024-10-21 10:15:00', 'YYYY-MM-DD HH24:MI:SS'));
INSERT INTO Reserva VALUES ('96578608494', '-8.064273627791707, -34.87227855868209', 5910742, TO_TIMESTAMP('2024-10-18 18:30:00', 'YYYY-MM-DD HH24:MI:SS'));
INSERT INTO Reserva VALUES ('96578608494', '-8.060039281442343, -34.87009954648337', 9485726, TO_TIMESTAMP('2024-10-20 14:00:00', 'YYYY-MM-DD HH24:MI:SS'));
INSERT INTO Reserva VALUES ('50998999431', '-8.062657803028308, -34.87320498880049', 4628135, TO_TIMESTAMP('2024-10-21 15:00:00', 'YYYY-MM-DD HH24:MI:SS'));
INSERT INTO Reserva VALUES ('50998999431', '-8.062465105915596, -34.87086439802587', 7465910, TO_TIMESTAMP('2024-10-18 13:30:00', 'YYYY-MM-DD HH24:MI:SS'));
INSERT INTO Reserva VALUES ('50998999431', '-8.062657803028308, -34.87320498880049', 6103745, TO_TIMESTAMP('2024-10-19 11:30:00', 'YYYY-MM-DD HH24:MI:SS'));



-- POVOAMENTO DA TABELA MINISTRA --
INSERT INTO Ministra VALUES ('23456789012', 1298374);
INSERT INTO Ministra VALUES ('33889901122', 3874629);
INSERT INTO Ministra VALUES ('44990011233', 9485726);
INSERT INTO Ministra VALUES ('11223344556', 7651938);
INSERT INTO Ministra VALUES ('56789012345', 3129478);
INSERT INTO Ministra VALUES ('26918297406', 6748593);
INSERT INTO Ministra VALUES ('44882200534', 5093874);
INSERT INTO Ministra VALUES ('16677684415', 2837465);
INSERT INTO Ministra VALUES ('10556677889', 1948572);
INSERT INTO Ministra VALUES ('99445566778', 9384728);
INSERT INTO Ministra VALUES ('23456789012', 8374650);
INSERT INTO Ministra VALUES ('33889901122', 5726103);
INSERT INTO Ministra VALUES ('23456789012', 1938475);
INSERT INTO Ministra VALUES ('33889901122', 9478561);
INSERT INTO Ministra VALUES ('44990011233', 8593210);
INSERT INTO Ministra VALUES ('11223344556', 3874628);
INSERT INTO Ministra VALUES ('56789012345', 7465910);
INSERT INTO Ministra VALUES ('26918297406', 8572639);
INSERT INTO Ministra VALUES ('44882200534', 4729384);
INSERT INTO Ministra VALUES ('16677684415', 7465019);
INSERT INTO Ministra VALUES ('10556677889', 6103745);
INSERT INTO Ministra VALUES ('99445566778', 8475621);
INSERT INTO Ministra VALUES ('23456789012', 8561094);
INSERT INTO Ministra VALUES ('33889901122', 3210476);
INSERT INTO Ministra VALUES ('56789012345', 4628135);
INSERT INTO Ministra VALUES ('26918297406', 5910742);
INSERT INTO Ministra VALUES ('44882200534', 2639485);
INSERT INTO Ministra VALUES ('16677684415', 2938476);
INSERT INTO Ministra VALUES ('10556677889', 4650192);
INSERT INTO Ministra VALUES ('99445566778', 7610374);



-- POVOAMENTO TABELA ACESSO_VIP -- 
--criando sequencia para o vip_id
CREATE SEQUENCE vip_id_sequence
    START WITH 100
    INCREMENT BY 1
    MAXVALUE 999
    CACHE 10;

--povoando o Acesso_VIP
--categoria Tecnologia e Entretenimento
INSERT INTO Acesso_VIP VALUES (vip_id_sequence.NEXTVAL, TO_DATE('2024-10-18', 'YYYY-MM-DD'), 'Tecnologia e Entretenimento', '88334455667');
INSERT INTO Acesso_VIP VALUES (vip_id_sequence.NEXTVAL, TO_DATE('2024-10-19', 'YYYY-MM-DD'), 'Tecnologia e Entretenimento', '56789012345');
INSERT INTO Acesso_VIP VALUES (vip_id_sequence.NEXTVAL, TO_DATE('2024-10-20', 'YYYY-MM-DD'), 'Tecnologia e Entretenimento', '78901234567');
INSERT INTO Acesso_VIP VALUES (vip_id_sequence.NEXTVAL, TO_DATE('2024-10-21', 'YYYY-MM-DD'), 'Tecnologia e Entretenimento', '33889901122');
--categoria Cultura Pop
INSERT INTO Acesso_VIP VALUES (vip_id_sequence.NEXTVAL, TO_DATE('2024-10-18', 'YYYY-MM-DD'), 'Cultura Pop', '30706092449');
INSERT INTO Acesso_VIP VALUES (vip_id_sequence.NEXTVAL, TO_DATE('2024-10-19', 'YYYY-MM-DD'), 'Cultura Pop', '11121530397');
INSERT INTO Acesso_VIP VALUES (vip_id_sequence.NEXTVAL, TO_DATE('2024-10-20', 'YYYY-MM-DD'), 'Cultura Pop', '11667788990');
INSERT INTO Acesso_VIP VALUES (vip_id_sequence.NEXTVAL, TO_DATE('2024-10-21', 'YYYY-MM-DD'), 'Cultura Pop', '90533343356');
--categoria Arte e Design
INSERT INTO Acesso_VIP VALUES (vip_id_sequence.NEXTVAL, TO_DATE('2024-10-18', 'YYYY-MM-DD'), 'Arte e Design', '30291986420');
INSERT INTO Acesso_VIP VALUES (vip_id_sequence.NEXTVAL, TO_DATE('2024-10-19', 'YYYY-MM-DD'), 'Arte e Design', '34934945482');
INSERT INTO Acesso_VIP VALUES (vip_id_sequence.NEXTVAL, TO_DATE('2024-10-20', 'YYYY-MM-DD'), 'Arte e Design', '76142319452');
INSERT INTO Acesso_VIP VALUES (vip_id_sequence.NEXTVAL, TO_DATE('2024-10-21', 'YYYY-MM-DD'), 'Arte e Design', '37084430555');
--categoria Educacao e Conhecimento
INSERT INTO Acesso_VIP VALUES (vip_id_sequence.NEXTVAL, TO_DATE('2024-10-18', 'YYYY-MM-DD'), 'Educação e Conhecimento', '12345678901');
INSERT INTO Acesso_VIP VALUES (vip_id_sequence.NEXTVAL, TO_DATE('2024-10-19', 'YYYY-MM-DD'), 'Educação e Conhecimento', '67890123456');
INSERT INTO Acesso_VIP VALUES (vip_id_sequence.NEXTVAL, TO_DATE('2024-10-20', 'YYYY-MM-DD'), 'Educação e Conhecimento', '90123456789');
INSERT INTO Acesso_VIP VALUES (vip_id_sequence.NEXTVAL, TO_DATE('2024-10-21', 'YYYY-MM-DD'), 'Educação e Conhecimento', '50998999431');
--categoria Atividades Interativas
INSERT INTO Acesso_VIP VALUES (vip_id_sequence.NEXTVAL, TO_DATE('2024-10-18', 'YYYY-MM-DD'), 'Atividades Interativas', '89012345678');
INSERT INTO Acesso_VIP VALUES (vip_id_sequence.NEXTVAL, TO_DATE('2024-10-19', 'YYYY-MM-DD'), 'Atividades Interativas', '28824388426');
INSERT INTO Acesso_VIP VALUES (vip_id_sequence.NEXTVAL, TO_DATE('2024-10-20', 'YYYY-MM-DD'), 'Atividades Interativas', '51359753575');
INSERT INTO Acesso_VIP VALUES (vip_id_sequence.NEXTVAL, TO_DATE('2024-10-21', 'YYYY-MM-DD'), 'Atividades Interativas', '89916311501');



-- POVOAMENTO TABELA PARTICIPA --
--participa em atividade de Tecnologia e Entretenimento
INSERT INTO Participa VALUES ('30706092449', 3874629);
INSERT INTO Participa VALUES ('67890123456', 3874629);
INSERT INTO Participa VALUES ('50998999431', 3874629);
INSERT INTO Participa VALUES ('26918297406', 3874629);
INSERT INTO Participa VALUES ('11121530397', 1298374);
INSERT INTO Participa VALUES ('11667788990', 9485726);
INSERT INTO Participa VALUES ('90533343356', 7651938);
INSERT INTO Participa VALUES ('30291986420', 3129478);
INSERT INTO Participa VALUES ('34934945482', 6748593);

--participa em atividade de Cultura Pop
INSERT INTO Participa VALUES ('76142319452', 5093874);
INSERT INTO Participa VALUES ('37084430555', 2837465);
INSERT INTO Participa VALUES ('12345678901', 1948572);
INSERT INTO Participa VALUES ('67890123456', 9384728);
INSERT INTO Participa VALUES ('89012345678', 9384728);
INSERT INTO Participa VALUES ('28831620347', 9384728);
INSERT INTO Participa VALUES ('26918297406', 9384728);
INSERT INTO Participa VALUES ('88334455667', 9384728);
INSERT INTO Participa VALUES ('78901234567', 9384728);
INSERT INTO Participa VALUES ('90123456789', 8374650);
INSERT INTO Participa VALUES ('50998999431', 5726103);

--participa em Arte e Design
INSERT INTO Participa VALUES ('89012345678', 1938475);
INSERT INTO Participa VALUES ('28824388426', 9478561);
INSERT INTO Participa VALUES ('51359753575', 8593210);
INSERT INTO Participa VALUES ('89916311501', 3874628);
INSERT INTO Participa VALUES ('26918297406', 7465910);
INSERT INTO Participa VALUES ('53839259452', 8572639);

--participa em Educação e Conhecimento
INSERT INTO Participa VALUES ('77223344556', 4729384);
INSERT INTO Participa VALUES ('28831620347', 7465019);
INSERT INTO Participa VALUES ('08342995429', 6103745);
INSERT INTO Participa VALUES ('88334455667', 8475621);
INSERT INTO Participa VALUES ('56789012345', 8561094);
INSERT INTO Participa VALUES ('78901234567', 3210476);

--participa em Atividades Interativas
INSERT INTO Participa VALUES ('33889901122', 4628135);
INSERT INTO Participa VALUES ('01382270470', 5910742);
INSERT INTO Participa VALUES ('22778899011', 2639485);
INSERT INTO Participa VALUES ('76142319452', 2938476);
INSERT INTO Participa VALUES ('67890123456', 4650192);
INSERT INTO Participa VALUES ('11667788990', 7610374);
INSERT INTO Participa VALUES ('88334455667', 7610374);
INSERT INTO Participa VALUES ('50998999431', 7610374);
INSERT INTO Participa VALUES ('26918297406', 7610374);
INSERT INTO Participa VALUES ('88334455667', 7610374);
INSERT INTO Participa VALUES ('50998999431', 7610374);
INSERT INTO Participa VALUES ('30706092449', 7610374);